"cm","Number_of_terms","Rank"
"Nitish Kumar",10,1
"Pratapsingh Rane",7,2
"Gegong Apang",6,3
"J. Jayalalithaa",6,3
"Bansi Lal",5,4
"D. D. Lapang",5,4
"Farooq Abdullah",5,4
"Jyoti Basu",5,4
"Lal Thanhawla",5,4
"M. Karunanidhi",5,4
"N. Rangaswamy",5,4
"Naveen Patnaik",5,4
"Neiphiu Rio",5,4
"Om Prakash Chautala",5,4
"Parkash Singh Badal",5,4
"Pawan Kumar Chamling",5,4
"Pema Khandu",5,4
"S. C. Jamir",5,4
"Virbhadra Singh",5,4
"Williamson A. Sangma",5,4
"Yashwant Singh Parmar",5,4
"B. B. Lyngdoh",4,5
"B. S. Yeddyurappa",4,5
"Bhajan Lal",4,5
"Chandra Bhanu Gupta",4,5
"Hemant Soren",4,5
"K. Kamaraj",4,5
"K. Karunakaran",4,5
"Madhav Singh Solanki",4,5
"Manik Sarkar",4,5
"Manohar Parrikar",4,5
"Mayawati",4,5
"Mohan Lal Sukhadia",4,5
"N. Chandrababu Naidu",4,5
"N. D. Tiwari",4,5
"Narendra Modi",4,5
"Rishang Keishing",4,5
"Sharad Pawar",4,5
"Shivraj Singh Chauhan",4,5
"A. K. Antony",3,6
"Ajoy Kumar Mukherjee",3,6
"Arjun Munda",3,6
"Arjun Singh",3,6
"Arvind Kejriwal",3,6
"Ashok Gehlot",3,6
"Bhairon Singh Shekhawat",3,6
"Bhola Paswan Shastri",3,6
"Bidhan Chandra Roy",3,6
"Bimala Prasad Chaliha",3,6
"Buddhadeb Bhattacharya",3,6
"Chimanbhai Patel",3,6
"Dayanand Bandodkar",3,6
"Devendra Fadnavis",3,6
"E. K. Nayanar",3,6
"Harekrushna Mahatab",3,6
"Hari Dev Joshi",3,6
"Harish Rawat",3,6
"Jagannath Mishra",3,6
"Janaki Ballabh Patnaik",3,6
"M. G. Ramachandran",3,6
"M. O. H. Farook",3,6
"Mairembam Koireng Singh",3,6
"Mamata Banerjee",3,6
"Mulayam Singh Yadav",3,6
"N. T. Rama Rao",3,6
"Nar Bahadur Bhandari",3,6
"O. Panneerselvam",3,6
"Okram Ibobi Singh",3,6
"Pratap Singh Karaon",3,6
"Rabri Devi",3,6
"Rajkumar Dorendra Singh",3,6
"Ramakrishna Hegde",3,6
"Raman Singh",3,6
"S. Nijalingappa",3,6
"Sheila Dikshit",3,6
"Shibu Soren",3,6
"Shyama Charan Shukla",3,6
"Tarun Gogoi",3,6
"Vasantdada Patil",3,6
"Vasantrao Naik",3,6
"Wilfred de Souza",3,6
"Zoramthanga",3,6
"Amarinder Singh",2,7
"Ashok Chavan",2,7
"BS Sachar",2,7
"Babubhai J. Patel",2,7
"Banarsi Das Gupta",2,7
"Bhagwantrao Mandloi",2,7
"Bhupendra Patel",2,7
"Bhupinder Singh Hooda",2,7
"Bhuwan Chandra Khanduri",2,7
"Biju Patnaik",2,7
"Bishnu Ram Medhi",2,7
"C. Achutha Menon",2,7
"C. N. Annadurai",2,7
"Charan Singh",2,7
"Chaudhary Devi Lal",2,7
"Conrad Sangma",2,7
"D. Devaraj Urs",2,7
"Digvijay Singh",2,7
"Dwarka Prasad Mishra",2,7
"E. M. S. Namboodiripad",2,7
"Ghulam Mohammed Sadiq",2,7
"Gurnam Singh",2,7
"H. D. Kumaraswamy",2,7
"Hemananda Biswal",2,7
"Hemwati Nandan Bahuguna",2,7
"Himanta Biswa Sarma",2,7
"Hitendra Kanaiyalal",2,7
"Hiteswar Saikia",2,7
"Hokishe Sema",2,7
"Jivraj Narayan Mehta",2,7
"John Bosco Jasokie",2,7
"K Siddaramaiah",2,7
"Kailash Nath Katju",2,7
"Kalvakuntla Chandrashekar Rao",2,7
"Kalyan Singh",2,7
"Karpoori Thakur",2,7
"Kasu Brahmananda Reddy",2,7
"Keshubhai Patel",2,7
"Kotla Vijaya Bhaskara Reddy",2,7
"Laldenga",2,7
"Lalu Prasad Yadav",2,7
"Luizinho Faleiro",2,7
"M. D. R. Ramachandran",2,7
"Manohar Lal Khattar",2,7
"Marri Chenna Reddy",2,7
"Mohammed Alimuddin",2,7
"Motilal Vora",2,7
"Mufti Mohammad Sayeed",2,7
"Mukul Sangma",2,7
"N. Biren Singh",2,7
"Nabam Tuki",2,7
"Nandini Satpathy",2,7
"Nayab Singh Saini",2,7
"Neelam Sanjiva Reddy",2,7
"Nripen Chakraborty",2,7
"Omar Abdullah",2,7
"Oommen Chandy",2,7
"P. Shanmugam",2,7
"Pinarayi Vijayan",2,7
"Prafulla Kumar Mahanta",2,7
"Prakash Chandra Sethi",2,7
"Pramod Sawant",2,7
"Prem Kumar Dhumal",2,7
"Prem Singh Tamang",2,7
"Pushkar Singh Dhami",2,7
"Raghbir Singh",2,7
"Ravi Naik",2,7
"S. C. Marak",2,7
"Sachindra Lal Singh",2,7
"Sampurnanand",2,7
"Shankarrao Chavan",2,7
"Shanta Kumar",2,7
"Shashikala Kakodkar",2,7
"Sheikh Abdullah",2,7
"Shiv Charan Mathur",2,7
"Sri Krishna Sinha",2,7
"Subramanyan Ramaswamy",2,7
"Sunderlal Patwa",2,7
"Syed Mir Qasim",2,7
"T. R. Zeliang",2,7
"T. Sailo",2,7
"Thakur Ram Lal",2,7
"V. Vaithilingam",2,7
"V. Venkatasubha Reddiar",2,7
"V.R. Nedunchezhiyan",2,7
"Vasundhara Raje Scindia",2,7
"Veerendra Patil",2,7
"Vijay Rupani",2,7
"Vilasrao Deshmukh",2,7
"Vizol Koso",2,7
"Y. S. Rajasekhara Reddy",2,7
"Yangmaso Shaiza",2,7
"Yashvant Rao Chauhan",2,7
"Yogi Adityanath",2,7
"AJ John Anapaarambil",1,8
"Abdul Gafoor",1,8
"Abdul Rehman Antulay",1,8
"Ajit Jogi",1,8
"Akhilesh Yadav",1,8
"Amarsinh Chaudhary",1,8
"Anandiben Patel",1,8
"Anwara Taimur",1,8
"Atishi Marlina",1,8
"B. D. Jatti",1,8
"B. P. Mandal",1,8
"Babasaheb Bhosale",1,8
"Babu Banarsi Das",1,8
"Babulal Gaur",1,8
"Babulal Marandi",1,8
"Balwantrai Mehta",1,8
"Barkatullah Khan",1,8
"Basavaraj Bommai",1,8
"Beant Singh",1,8
"Bezawada Gopala Reddy",1,8
"Bhagat Singh Koshyari",1,8
"Bhagwant Mann",1,8
"Bhagwat Dayal Sharma",1,8
"Bhagwat Jha Azad",1,8
"Bhajan Lal Sharma",1,8
"Bhavanam Venkatarami Reddy",1,8
"Bhim Bahadur Gurung",1,8
"Bhumidhar Barman",1,8
"Bhupesh Baghel",1,8
"Binayak Acharya",1,8
"Bindeshwari Dubey",1,8
"Binodanand Jha",1,8
"Biplab Kumar Deb",1,8
"Biren Mitra",1,8
"Biswanath Das",1,8
"Brish Bhan",1,8
"Burgula Ramakrishna Rao",1,8
"C Joseph Vijay",1,8
"C. Chhunga",1,8
"C. H. Mohammed Koya",1,8
"C. Rajagopalachari",1,8
"CM Poonacha",1,8
"Champai Soren",1,8
"Chandrashekhar Singh",1,8
"Charanjit Singh Channi",1,8
"Chaudhary Brahm Prakash",1,8
"Chhabildas Mehta",1,8
"Churchill Alemao",1,8
"D. V. Sadananda Gowda",1,8
"DK Sivakumar",1,8
"Damodaram Sanjivayya",1,8
"Darbara Singh",1,8
"Daroga Prasad Rai",1,8
"Darwin Diengdoh Pugh",1,8
"Dasarath Debbarma",1,8
"Deep Narayan Singh",1,8
"Dharam Singh",1,8
"Digambar Kamat",1,8
"Dilip Parikh",1,8
"Donkupar Roy",1,8
"Dorjee Khandu",1,8
"E. K. Mawlong",1,8
"Edappadi K. Palaniswami",1,8
"Edouard Goubert",1,8
"Eknath Shinde",1,8
"Flinder Anderson Khonglam",1,8
"Francisco Sardinha",1,8
"Ghanshyam Oza",1,8
"Ghulam Mohammad Shah",1,8
"Ghulam Nabi Azad",1,8
"Gian Singh Rarewala",1,8
"Giani Gurmukh Singh Musafir",1,8
"Giridhar Gamang",1,8
"Golap Borbora",1,8
"Gopi Chand Bhargava",1,8
"Govind Ballabh Pant",1,8
"Govind Narayan Singh",1,8
"Gurmukh Nihal Singh",1,8
"H. D. Deve Gowda",1,8
"Harcharan Singh Brar",1,8
"Haribhau Upadhyaya",1,8
"Harihar Singh",1,8
"Hira Lal Devpura",1,8
"Hukam Singh",1,8
"J. Dringbell Rymbai",1,8
"J. H. Patel",1,8
"Jagadish Shettar",1,8
"Jagannath Pahadia",1,8
"Jai Narayan Vyas",1,8
"Jai Ram Thakur",1,8
"Jalagam Vengala Rao",1,8
"Janaki Ramachandran",1,8
"Jarbom Gamlin",1,8
"Jitan Ram Manjhi",1,8
"Jogendra Nath Hazarika",1,8
"K. B. Sahay",1,8
"K. L. Chishi",1,8
"K. Rosaiah",1,8
"Kadilal Manjappa",1,8
"Kailash Chandra Joshi",1,8
"Kalikho Pul",1,8
"Kamal Nath",1,8
"Kamlapati Tripathi",1,8
"Kazi Lhendup Dorjee",1,8
"Kedar Pandey",1,8
"Kengal Hanumanthaiah",1,8
"Kesab Chandra Gogoi",1,8
"Lachhman Singh Gill",1,8
"Lalduhoma",1,8
"Laxmikant Parsekar",1,8
"Longjam Thambou Singh",1,8
"Luis Proto Barbosa",1,8
"M. Bakthavatsalam",1,8
"M. Veerappa Moily",1,8
"M.K.Stalin",1,8
"Madan Lal Khurana",1,8
"Madhu Koda",1,8
"Mahamaya Prasad Sinha",1,8
"Mahbooba Mufti",1,8
"Mahendra Mohan Choudhry",1,8
"Manik Saha",1,8
"Manohar Joshi",1,8
"Marotrao Kannamwar",1,8
"Mishrilal Gangwal",1,8
"Mohan Charan Majhi",1,8
"Mohan Yadav",1,8
"Morarji Desai",1,8
"Mukut Mithi",1,8
"N. Janardhana Reddy",1,8
"N. Kiran Kumar Reddy",1,8
"Nabakrushna Choudhury",1,8
"Nadendla Bhaskara Rao",1,8
"Narayan Datt Tiwari",1,8
"Narayan Rane",1,8
"Nilamani Routray",1,8
"Nityanand Swami",1,8
"P Govinda Menon",1,8
"P. A. Sangma",1,8
"P. K. Sawant",1,8
"P. K. Vasudevan Nair",1,8
"P. Shilu Ao",1,8
"P. V. Narasimha Rao",1,8
"Pattom A Thanu Pillai",1,8
"Pattom A. Thanu Pillai",1,8
"Prafulla Chandra Ghosh",1,8
"Prafulla Chandra Sen",1,8
"Prafulla Kumar Das",1,8
"Prem Khandu Thungan",1,8
"Prithviraj Chavan",1,8
"Pt. Ravishankar Shukla",1,8
"R. Gundu Rao",1,8
"R. Sankar",1,8
"R. V. Janakiraman",1,8
"RASIKLAL PARIKH",1,8
"Radhabinod Koijam",1,8
"Radhika Ranjan Gupta",1,8
"Raghubar Das",1,8
"Raja Nareshchandra Singh",1,8
"Rajendra Narayan Singh Deo",1,8
"Rajinder Kaur Bhattal",1,8
"Rajkumar Jaichandra Singh",1,8
"Rajkumar Ranbir Singh",1,8
"Rajnath Singh",1,8
"Ram Kishan",1,8
"Ram Naresh Yadav",1,8
"Ram Prakash Gupta",1,8
"Ram Sundar Das",1,8
"Ramesh Pokhriyal",1,8
"Rao Birender Singh",1,8
"Rekha Gupta",1,8
"Revanth Reddy",1,8
"S. Bangarappa",1,8
"S. M. Krishna",1,8
"S. R. Bommai",1,8
"S. R. Kanthi",1,8
"Sadashiva Tripathy",1,8
"Sahib Singh Verma",1,8
"Sambhu Nath Shukla",1,8
"Samir Ranjan Barman",1,8
"Samrat Choudhury",1,8
"Sanchaman Limboo",1,8
"Sarat Chandra Sinha",1,8
"Sarbananda Sonowal",1,8
"Satish Prasad Singh",1,8
"Satyendra Narayan Sinha",1,8
"Shankar Dayal Sharma",1,8
"Shankersinh Vaghela",1,8
"Shivajirao Patil Nilangekar",1,8
"Shürhozelie Liezietsu",1,8
"Siddhartha Shankar Ray",1,8
"Sripati Mishra",1,8
"Sucheta Kriplani",1,8
"Sudhakarrao Naik",1,8
"Sudhir Ranjan Majumdar",1,8
"Sukhamoy Sen Gupta",1,8
"Sukhvinder Singh Sukhu",1,8
"Suresh Mehta",1,8
"Surjit Singh Barnala",1,8
"Sushilkumar Shinde",1,8
"Sushma Swaraj",1,8
"Suvendu Adhikari",1,8
"Tanguturi Anjaiah",1,8
"Tanguturi Prakasam",1,8
"Thepfülo-u Nakhro",1,8
"Tika Ram Paliwal",1,8
"Tikhatmal Jain",1,8
"Tirath Singh Rawat",1,8
"Tomo Riba",1,8
"Tribhuvana Narayana Singh",1,8
"Trivendra Singh Rawat",1,8
"UN DHEBAR",1,8
"Uddhav Thackeray",1,8
"Uma Bharti",1,8
"V. Narayanasamy",1,8
"V. P. Singh",1,8
"V. S. Achuthanandan",1,8
"VD Satheesan",1,8
"Vamüzo Phesao",1,8
"Vijay Bahuguna",1,8
"Vir Bahadur Singh",1,8
"Virendra Kumar Saklecha",1,8
"Vishnu Deo Sai",1,8
"Wahengbam Nipamacha Singh",1,8
"Y Khemchand Singh",1,8
"Y. S. Jaganmohan Reddy",1,8
"Yashwantrao Chavan",1,8
"Zail Singh",1,8
